{"best/epoch": 29, "best/precision": 0.9921892160455766, "best/recall": 0.9912952162359125, "best/mAP_0.5": 0.9942875137490337, "best/mAP_0.5:0.95": 0.9483340476383355, "Labels": {"_type": "images/separated", "width": 1600, "height": 1600, "format": "jpg", "count": 2, "filenames": ["media/images/Labels_0_bea12e40f0c205e14896.jpg", "media/images/Labels_0_a56d547f63870ca53454.jpg"], "captions": ["labels.jpg", "labels_correlogram.jpg"]}, "Mosaics": {"_type": "images/separated", "width": 1280, "height": 1280, "format": "jpg", "count": 3, "filenames": ["media/images/Mosaics_0_13ee524c5be70a6594e4.jpg", "media/images/Mosaics_0_83c313322dbcf1963ccb.jpg", "media/images/Mosaics_0_24b736ca786aca369d88.jpg"], "captions": ["train_batch0.jpg", "train_batch1.jpg", "train_batch2.jpg"]}, "train/box_loss": 0.01505944225937128, "train/obj_loss": 0.007752740755677223, "train/cls_loss": 0.010131538845598698, "metrics/precision": 0.9921612515040917, "metrics/recall": 0.9912999018706891, "metrics/mAP_0.5": 0.9943011440565322, "metrics/mAP_0.5:0.95": 0.9480981013519822, "val/box_loss": 0.009794672019779682, "val/obj_loss": 0.003000429831445217, "val/cls_loss": 0.0025640721432864666, "x/lr0": 0.0007599999999999998, "x/lr1": 0.0007599999999999998, "x/lr2": 0.0007599999999999998, "_timestamp": 1650676440, "_runtime": 5480, "_step": 30, "BoundingBoxDebugger": {"_type": "images/separated", "width": 352, "height": 352, "format": "png", "count": 16, "filenames": ["media/images/BoundingBoxDebugger_29_936a2544aaf988e3f5d4.png", "media/images/BoundingBoxDebugger_29_81455263d7e7e5adea74.png", "media/images/BoundingBoxDebugger_29_1a1ff675eebd1d13c23b.png", "media/images/BoundingBoxDebugger_29_79eac26313b86e9c708d.png", "media/images/BoundingBoxDebugger_29_620754bb5bcfa4bc3399.png", "media/images/BoundingBoxDebugger_29_920bf00edced63efa499.png", "media/images/BoundingBoxDebugger_29_3691d68195f9984db61f.png", "media/images/BoundingBoxDebugger_29_29f15e00659bbf114ae3.png", "media/images/BoundingBoxDebugger_29_e625f36dc6179168da36.png", "media/images/BoundingBoxDebugger_29_c39844afb594ba8c21b7.png", "media/images/BoundingBoxDebugger_29_473d556db14713f9cf95.png", "media/images/BoundingBoxDebugger_29_f6405a377df17c1db3d6.png", "media/images/BoundingBoxDebugger_29_946058d3d6c8d0146477.png", "media/images/BoundingBoxDebugger_29_1b8da90831799fa2b528.png", "media/images/BoundingBoxDebugger_29_99d22a532b2d64357b9c.png", "media/images/BoundingBoxDebugger_29_8b34b272623d2892a86a.png"], "captions": ["0001_MRCW_DRNV_0000-EEM.jpg", "0009_MRHN_SRGM_0000-bri.jpg", "0009_MRHN_SRGM_0000-noise.jpg", "0009_MRHN_SRGM_0045_B-blur.jpg", "0009_MRHN_SRGM_0045_F.jpg", "0009_MRHN_SRGM_0090_B.jpg", "0009_MRNC_SRGM_0000-EEM.jpg", "0009_MRNC_SRGM_0000-bri.jpg", "0009_MRNC_SRGM_0045-bri.jpg", "0009_MRNC_SRGM_0045-noise.jpg", "0009_MRNC_SRGM_0090-bri.jpg", "0009_MRNC_SRGM_0090-noise.jpg", "0009_MRNN_SRGM_0000-blur.jpg", "0009_MRNN_SRGM_0000-bri.jpg", "0009_MRNN_SRGM_0045-blur.jpg", "0009_MRNN_SRGM_0045-bri.jpg"], "all_boxes": [{"predictions": {"_type": "boxes2D", "sha256": "008dccb79430c15db193c7e8c6cc7741e21ed2929069106ccd822e66ce863d22", "size": 6504, "path": "media/metadata/boxes2D/BoundingBoxDebugger_29_008dccb79430c15db193.boxes2D.json"}}, {"predictions": {"_type": "boxes2D", "sha256": "8cb2077529612faad9455a6b04e741a7cd159205dd2fc9eb85822af17ca167a2", "size": 6705, "path": "media/metadata/boxes2D/BoundingBoxDebugger_29_8cb2077529612faad945.boxes2D.json"}}, {"predictions": {"_type": "boxes2D", "sha256": "3c85f163721ec7d6fe4b60523a96a4f813d35b4781564aae239b3b798ff0598a", "size": 6707, "path": "media/metadata/boxes2D/BoundingBoxDebugger_29_3c85f163721ec7d6fe4b.boxes2D.json"}}, {"predictions": {"_type": "boxes2D", "sha256": "04172cb415c7ee7645d069c401dcd17759cd508c9071739292330ffa22e46da0", "size": 6742, "path": "media/metadata/boxes2D/BoundingBoxDebugger_29_04172cb415c7ee7645d0.boxes2D.json"}}, {"predictions": {"_type": "boxes2D", "sha256": "e5c7ed584826ce7a4609431d8676da60c117fb949645f8559dbb622fd3b2245b", "size": 6712, "path": "media/metadata/boxes2D/BoundingBoxDebugger_29_e5c7ed584826ce7a4609.boxes2D.json"}}, {"predictions": {"_type": "boxes2D", "sha256": "63bfd5b53c384224b325c3a0a96ebfdd34f081a0f36ba9b11e5e9684db1b9ad3", "size": 6508, "path": "media/metadata/boxes2D/BoundingBoxDebugger_29_63bfd5b53c384224b325.boxes2D.json"}}, {"predictions": {"_type": "boxes2D", "sha256": "2f5b1796e79ff972d4ae4ae5778e6b7476823ccdc457f3ecac66ea05db8e8000", "size": 6717, "path": "media/metadata/boxes2D/BoundingBoxDebugger_29_2f5b1796e79ff972d4ae.boxes2D.json"}}, {"predictions": {"_type": "boxes2D", "sha256": "46db20a7e53801aaa4993e9493936ba7301cd7e2fd7206466c8cc6bb0ca6f7e8", "size": 6709, "path": "media/metadata/boxes2D/BoundingBoxDebugger_29_46db20a7e53801aaa499.boxes2D.json"}}, {"predictions": {"_type": "boxes2D", "sha256": "69f2f41baca1c110bbece246fefd0bc322e4ba5aba4edca521b71dc01761286f", "size": 6689, "path": "media/metadata/boxes2D/BoundingBoxDebugger_29_69f2f41baca1c110bbec.boxes2D.json"}}, {"predictions": {"_type": "boxes2D", "sha256": "4acdea1e592ef98490a3c2ed14fb70aadb6e280e6f50213f6050f1161496888b", "size": 6696, "path": "media/metadata/boxes2D/BoundingBoxDebugger_29_4acdea1e592ef98490a3.boxes2D.json"}}, {"predictions": {"_type": "boxes2D", "sha256": "b30050a08dd3795361902f370629730c3a7557b8da8ffba0e7d583e73069bef8", "size": 6726, "path": "media/metadata/boxes2D/BoundingBoxDebugger_29_b30050a08dd379536190.boxes2D.json"}}, {"predictions": {"_type": "boxes2D", "sha256": "2fbf7d90b7a8f8e4f1a31911a81da96976dd546464ba1df7a6871908b37af7da", "size": 6712, "path": "media/metadata/boxes2D/BoundingBoxDebugger_29_2fbf7d90b7a8f8e4f1a3.boxes2D.json"}}, {"predictions": {"_type": "boxes2D", "sha256": "d1698b7cb7c76444dc9c9beffa196b8ad40659d8a84aca42f5cc22885921083e", "size": 6469, "path": "media/metadata/boxes2D/BoundingBoxDebugger_29_d1698b7cb7c76444dc9c.boxes2D.json"}}, {"predictions": {"_type": "boxes2D", "sha256": "e8d21d26f5d9a6b44ad7baf299e2e2dc21b1a08293791c0324b0d7fecc4f5b56", "size": 6466, "path": "media/metadata/boxes2D/BoundingBoxDebugger_29_e8d21d26f5d9a6b44ad7.boxes2D.json"}}, {"predictions": {"_type": "boxes2D", "sha256": "fd03ee9be7b98b5cd06149dcd8cadeda2d9aec2f58a69dfced37f0ad22f698e3", "size": 6729, "path": "media/metadata/boxes2D/BoundingBoxDebugger_29_fd03ee9be7b98b5cd061.boxes2D.json"}}, {"predictions": {"_type": "boxes2D", "sha256": "71ebd7611882a49f85ea10844bfcdc5b89c1ace3b38baf196c1b9e6a8def87a2", "size": 6723, "path": "media/metadata/boxes2D/BoundingBoxDebugger_29_71ebd7611882a49f85ea.boxes2D.json"}}]}, "Validation": {"_type": "images/separated", "width": 1408, "height": 1408, "format": "jpg", "count": 6, "filenames": ["media/images/Validation_30_82f917a052682d6a23f3.jpg", "media/images/Validation_30_18972cd15cf599996f77.jpg", "media/images/Validation_30_35ab22bcddcd18b87249.jpg", "media/images/Validation_30_cf5c5f94a9e07bed735e.jpg", "media/images/Validation_30_12bb7ffc27b95078afee.jpg", "media/images/Validation_30_b89d149e801355d51c6d.jpg"], "captions": ["val_batch0_labels.jpg", "val_batch0_pred.jpg", "val_batch1_labels.jpg", "val_batch1_pred.jpg", "val_batch2_labels.jpg", "val_batch2_pred.jpg"]}, "Results": {"_type": "images/separated", "width": 2400, "height": 1200, "format": "png", "count": 6, "filenames": ["media/images/Results_30_2ec79ccdbe8b1a82ac03.png", "media/images/Results_30_d2aa9a2e698629d03090.png", "media/images/Results_30_2c66e82165cbe08a9315.png", "media/images/Results_30_63c69666ab77799fd8d6.png", "media/images/Results_30_8665cd14b1608883cca6.png", "media/images/Results_30_15864b77824f6feb7763.png"], "captions": ["results.png", "confusion_matrix.png", "F1_curve.png", "PR_curve.png", "P_curve.png", "R_curve.png"]}, "_wandb": {"runtime": 5482}}